Group,A,B,C,D
Group1,34.46153846,21.38461538,18.38461538,25.76923077
Group2,31.71428571,20.28571429,31.57142858,16.42857143
Group3,49.84615384,6,33.76923077,10.38461538
Group4,57.53846153,29.07692308,10.69230769,2.692307692